X,Y,OBJECTID,COUNTY_NAME,ANA,MCN,LOCATION,PROP_CLASS,USED_AS_DESC,CovertFromBusinessCodes,SWIS,PARCEL_ADDR,PRINT_KEY,SBL,CITYTOWN_SWIS,LOC_ST_NBR,LOC_UNIT,LOC_ZIP,ROLL_SECTION,LAND_AV,TOTAL_AV,FULL_MARKET_VAL,YR_BLT,FRONT,DEPTH,SQ_FT,ACRES,SCHOOL_CODE,SCHOOL_NAME,SEWER_TYPE,SEWER_DESC,WATER_SUPPLY,WATER_DESC,UTILITIES,UTILITIES_DESC,BLDG_STYLE,BLDG_STYLE_DESC,HEAT_TYPE,HEAT_TYPE_DESC,FUEL_TYPE,FUEL_TYPE_DESC,SQFT_LIVING,GFA,NBR_KITCHENS,NBR_FULL_BATHS,NBR_BEDROOMS,USED_AS_CODE
-73.55287168,41.79167899,553,Dutchess,Amenia,Amenia,Route 22,425,Nbhd tavern,Bar,132000,4012 Route 22,7165-00-271367-0000,7.17E+17,132000,4012,,125920000,1,84000,180000,180000,1971,0,0,0,0.35,133801,Northeast,2,Private,2,Private,4,Gas & elec,,,,,,,,1502,,,,C06
-73.55937884,41.80482858,678,Dutchess,Amenia,Amenia,Main St,425,External apt,Bar,132000,10 Main St,7165-01-094844-0000,7.17E+17,132000,10,,125920000,1,67000,367700,367700,1920,0,0,0,0.51,133801,Northeast,2,Private,2,Private,4,Gas & elec,,,,,,,,6320,,,,A07
-73.58110393,41.84758431,1346,Dutchess,Amenia,Amenia,Route 44,425,Nbhd tavern,Bar,132000,4905 Route 44,7067-00-489398-0000,7.07E+17,132000,4905,,125010000,1,123500,409800,409800,1940,0,0,0,3.9,133801,Northeast,2,Private,2,Private,4,Gas & elec,,,,,,,,2482,,,,C06
-73.96136976,41.5014293,2953,Dutchess,Beacon,Beacon,E Main St,425,Restaurant,Bar,130200,47 E Main St,6054-38-180717-0000,6.05E+17,130200,47,,125080000,1,80000,320000,326500,,0,0,0,0.05,130200,Beacon,3,Comm/public,3,Comm/public,4,Gas & elec,,,,,,,,,,,,C01
-73.94924774,41.51425252,6523,Dutchess,Beacon,Beacon,Fishkill Ave,425,External apt,Bar,130200,469 Fishkill Ave,6055-04-508186-0000,6.06E+17,130200,469,,125080000,1,100000,400000,408200,,0,0,0,0.22,130200,Beacon,3,Comm/public,3,Comm/public,4,Gas & elec,,,,,,,,,,,,A07
-73.71653975,41.58520673,6949,Dutchess,Beekman,Beekman,Greenhaven Rd,425,Nbhd tavern,Bar,132200,3 Greenhaven Rd,6657-08-861807-0000,6.66E+17,132200,3,,125700000,1,96900,273500,284900,1990,0,0,0,0.23,134601,Arlington,2,Private,2,Private,3,Electric,,,,,,,,1152,,,,C06
-73.58280293,41.7437171,14909,Dutchess,Dover,Dover,Route 22,425,External apt,Bar,132600,3202 Route 22,7063-10-465624-0000,7.06E+17,132600,3202,,125220000,1,52300,272900,545800,1960,0,0,0,1.5,132602,Dover,2,Private,3,Comm/public,3,Electric,,,,,,,,7275,,,,A07
-73.55412314,41.65511476,16755,Dutchess,Dover,Dover,Route 55,425,External apt,Bar,132600,6521 Route 55,7160-03-285393-0000,7.16E+17,132600,6521,,125940000,1,38100,114500,229000,1931,0,0,0,0.56,132602,Dover,2,Private,2,Private,4,Gas & elec,,,,,,,,2761,,,,A07
-73.93820263,41.52176593,30418,Dutchess,Fishkill,Fishkill,Route 52,425,Nbhd tavern,Bar,133089,632 Route 52,6055-16-808464-0000,6.06E+17,133000,632,,125080000,1,125000,436800,441200,1966,0,0,0,0.43,130200,Beacon,2,Private,3,Comm/public,4,Gas & elec,,,,,,,,3476,,,,C06
-73.90920597,41.76592843,41343,Dutchess,Hyde Park,Hyde Park,Violet Ave,425,Nbhd tavern,Bar,133200,787 Violet Ave,6164-04-557364-0000,6.16E+17,133200,787,,125380000,1,137800,143500,276000,1960,0,0,0,1.55,133201,Hyde Park,2,Private,2,Private,3,Electric,,,,,,,,2636,,,,C06
-73.9090426,41.74986423,42214,Dutchess,Hyde Park,Hyde Park,Violet Ave,425,Nbhd tavern,Bar,133200,556 Violet Ave,6163-02-563776-0000,6.16E+17,133200,556,,125380000,1,76400,105200,202300,1965,0,0,0,0.29,133201,Hyde Park,2,Private,2,Private,3,Electric,,,,,,,,1617,,,,C06
-73.88293854,41.73699869,42404,Dutchess,Hyde Park,Hyde Park,Salt Point Tpke,425,Nbhd tavern,Bar,133200,504 Salt Point Tpke,6263-03-281312-0000,6.26E+17,133200,504,,126030000,1,99100,132800,255400,1940,0,0,0,0.53,133201,Hyde Park,2,Private,2,Private,3,Electric,,,,,,,,4060,,,,C06
-73.79369285,41.67060664,45816,Dutchess,La Grange,La Grange,Route 55,425,Nbhd tavern,Bar,133400,1189 Route 55,6460-02-734905-0000,6.46E+17,133400,1189,,125400000,1,225000,265000,270400,,0,0,0,1.19,134601,Arlington,2,Private,2,Private,4,Gas & elec,,,,,,,,5221,,,,C06
-73.85675475,41.68062424,48884,Dutchess,La Grange,La Grange,Freedom Plains Rd,425,Restaurant,Bar,133400,464 Freedom Plains Rd,6361-03-010261-0000,6.36E+17,133400,464,,126030000,1,77900,212200,216500,1970,0,0,0,0.49,134601,Arlington,2,Private,2,Private,4,Gas & elec,,,,,,,,1375,,,,C01
-73.82220623,41.74527516,63228,Dutchess,Pleasant Valley,Pleasant Valley,Main St,425,External apt,Bar,134400,1631 Main St,6363-12-937621-0000,6.36E+17,134400,1631,,125690000,1,22800,280000,287200,1937,0,0,0,0.35,134601,Arlington,2,Private,3,Comm/public,3,Electric,,,,,,,,5351,,,,A07
-73.90301444,41.68332172,65152,Dutchess,"Poughkeepsie, City",Poughkeepsie,Hooker Ave,425,Walk-up apt,Bar,131300,347 Hooker Ave,6161-66-744353-0000,6.16E+17,131300,347,,126030000,1,114500,742700,742700,1966,0,0,0,0.51,131300,Poughkeepsie,3,Comm/public,3,Comm/public,4,Gas & elec,,,,,,,,7936,,,,A01
-73.90948383,41.69736285,66441,Dutchess,"Poughkeepsie, City",Poughkeepsie,Main St,425,Nbhd tavern,Bar,131300,698 Main St,6161-33-564864-0000,6.16E+17,131300,698,,126010000,1,50000,450000,450000,1890,0,0,0,0.16,131300,Poughkeepsie,3,Comm/public,3,Comm/public,4,Gas & elec,,,,,,,,2024,,,,C06
-73.93174348,41.69420081,67893,Dutchess,"Poughkeepsie, City",Poughkeepsie,South Ave,425,Walk-up apt,Bar,131300,South Ave,6061-44-956742-0000,6.06E+17,131300,,,126010000,1,54000,375000,375000,1900,0,0,0,0.27,131300,Poughkeepsie,3,Comm/public,3,Comm/public,4,Gas & elec,,,,,,,,3330,,,,A01
-73.93620462,41.70588216,70339,Dutchess,"Poughkeepsie, City",Poughkeepsie,Main St,425,Restaurant,Bar,131300,85 Main St,6062-75-832171-0000,6.06E+17,131300,85,,126010000,1,55500,310900,310900,1956,0,0,0,0.14,131300,Poughkeepsie,3,Comm/public,3,Comm/public,4,Gas & elec,,,,,,,,5920,,,,C01
-73.93607104,41.70546052,70340,Dutchess,"Poughkeepsie, City",Poughkeepsie,Main St,425,Walk-up apt,Bar,131300,96 Main St,6062-75-844158-0000,6.06E+17,131300,96,,126010000,1,38000,659300,659300,1920,0,0,0,0.34,131300,Poughkeepsie,3,Comm/public,3,Comm/public,4,Gas & elec,,,,,,,,8064,,,,A01
-73.92594255,41.70130444,71086,Dutchess,"Poughkeepsie, City",Poughkeepsie,Academy St,425,Nbhd tavern,Bar,131300,33 Academy St,6162-77-112003-0000,6.16E+17,131300,33,,126010000,1,75000,710900,710900,1920,0,0,0,0.41,131300,Poughkeepsie,3,Comm/public,3,Comm/public,4,Gas & elec,,,,,,,,22724,,,,C06
-73.92283754,41.70224418,71123,Dutchess,"Poughkeepsie, City",Poughkeepsie,Main St,425,Nbhd tavern,Bar,131300,411 Main St,6162-78-196040-0000,6.16E+17,131300,411,,126010000,1,20000,185000,185000,1935,0,0,0,0.08,131300,Poughkeepsie,3,Comm/public,3,Comm/public,4,Gas & elec,,,,,,,,1674,,,,C06
-73.93423448,41.70842334,72277,Dutchess,"Poughkeepsie, City",Poughkeepsie,Mill St,425,Walk-up apt,Bar,131300,135 Mill St,6062-68-887266-0000,6.06E+17,131300,135,,126010000,1,93500,159600,159600,1910,0,0,0,0.59,131300,Poughkeepsie,3,Comm/public,3,Comm/public,4,Gas & elec,,,,,,,,3016,,,,A01
-73.92258121,41.71267207,72652,Dutchess,"Poughkeepsie, City",Poughkeepsie,Parker Ave,425,Nbhd tavern,Bar,131300,103 Parker Ave,6162-54-204417-0000,6.16E+17,131300,103,,126010000,1,56500,211600,211600,1940,0,0,0,0.11,131300,Poughkeepsie,3,Comm/public,3,Comm/public,4,Gas & elec,,,,,,,,2766,,,,C06
-73.9027545,41.69607134,76958,Dutchess,"Poughkeepsie, Town",Poughkeepsie,Main St,425,Walk-up apt,Bar,134689,770 Main St,6161-07-749818-0000,6.16E+17,134600,770,,126030000,1,80000,232500,234800,,0,0,0,0.15,134601,Arlington,3,Comm/public,3,Comm/public,4,Gas & elec,,,,,,,,2760,,,,A01
-73.83444053,41.96714984,91090,Dutchess,Rhinebeck,Rhinebeck,Route 308,425,Restaurant,Bar,135089,1094 Route 308,6371-00-555706-0000,6.37E+17,135000,1094,,125720000,1,85000,322200,322200,1972,0,0,0,1,134801,Red Hook,2,Private,2,Private,3,Electric,,,,,,,,1768,,,,C01
-73.87230038,41.88010779,91458,Dutchess,Rhinebeck,Rhinebeck,Route 9G,425,Nbhd tavern,Bar,135089,Route 9G,6268-00-543530-0000,6.27E+17,135000,,,125800000,1,107800,293400,293400,1957,0,0,0,2.5,135001,Rhinebeck,2,Private,2,Private,3,Electric,9,Cottage,3,Hot wtr/stm,4,Oil,576,,1,1,1,C06
-73.71571129,41.72998989,97675,Dutchess,Union Vale,Union Vale,Route 82,425,,Bar,135400,3399 Route 82,6663-20-850083-0000,6.66E+17,135400,3399,,125850000,1,22100,177500,181100,,0,0,0,1.1,135801,Millbrook,2,Private,2,Private,4,Gas & elec,,,,,,,,1992,,,,
-73.72816652,41.72898119,97725,Dutchess,Union Vale,Union Vale,Milewood Rd,425,,Bar,135400,8 Milewood Rd,6663-19-509045-0000,6.66E+17,135400,8,,125850000,1,73500,96000,98000,,0,0,0,0.87,135801,Millbrook,2,Private,2,Private,4,Gas & elec,,,,,,,,7492,,,,
-73.94002691,41.56024656,98232,Dutchess,Wappinger,Wappinger,Route 9D,425,Nbhd tavern,Bar,135689,Route 9D,6056-02-746856-0000,6.06E+17,135600,,,125900000,1,165000,295000,298000,,0,0,0,9.34,130200,Beacon,2,Private,2,Private,4,Gas & elec,,,,,,,,1850,,,,C06
-73.92883462,41.58153346,100409,Dutchess,Wappinger,Wappinger,Route 9D,425,Nbhd tavern,Bar,135689,2363 Route 9D,6157-01-057642-0000,6.16E+17,135600,2363,,125900000,1,75000,140000,141400,,0,0,0,0.2,135601,Wappingers,2,Private,2,Private,4,Gas & elec,,,,,,,,9856,,,,C06
-73.96751234,41.5033962,3292,Dutchess,Beacon,Beacon,Main St,422,Diner,Diners and luncheonettes,130200,397 Main St,6054-29-011790-0000,6.05E+17,130200,397,,125080000,1,75000,600000,612200,,0,0,0,0.11,130200,Beacon,3,Comm/public,3,Comm/public,4,Gas & elec,,,,,,,,,,,,C02
-73.58505852,41.74564765,14932,Dutchess,Dover,Dover,Route 22,422,Diner,Diners and luncheonettes,132600,3237 Route 22,7063-01-410679-0000,7.06E+17,132600,3237,,125220000,1,46500,70600,141200,1950,0,0,0,0.33,132602,Dover,2,Private,3,Comm/public,3,Electric,,,,,,,,2040,,,,C02
-73.90467459,41.53476105,36149,Dutchess,"Fishkill, Village",Fishkill,Main St,422,Diner,Diners and luncheonettes,133001,1053 Main St,6155-07-722939-0000,6.16E+17,133000,1053,,125240000,1,400000,707200,714300,1971,0,0,0,0.94,135601,Wappingers,3,Comm/public,3,Comm/public,4,Gas & elec,,,,,,,,2484,,,,C02
-73.90027413,41.53381756,36389,Dutchess,"Fishkill, Village",Fishkill,Elm St,422,Diner,Diners and luncheonettes,133001,45 Elm St,6155-08-843905-0000,6.16E+17,133000,45,,125240000,1,70000,364000,367700,1970,0,0,0,0.23,135601,Wappingers,3,Comm/public,3,Comm/public,3,Electric,,,,,,,,1760,,,,C02
-73.9004293,41.82347572,37697,Dutchess,Hyde Park,Hyde Park,Route 9G,422,Restaurant,Diners and luncheonettes,133200,1633 Route 9G,6166-04-788461-0000,6.17E+17,133200,1633,,125380000,1,70400,150000,288500,1960,0,0,0,1.9,133201,Hyde Park,2,Private,2,Private,3,Electric,,,,,,,,2669,,,,C01
-73.9202626,41.84745963,38034,Dutchess,Hyde Park,Hyde Park,Albany Post Rd,422,Sm food mkt,Diners and luncheonettes,133200,5230 Albany Post Rd,6167-03-242330-0000,6.17E+17,133200,5230,,125800000,1,52400,244900,471000,1993,0,0,0,0.55,133201,Hyde Park,2,Private,3,Comm/public,3,Electric,,,,,,,,0,,,,D09
-73.93036691,41.77671348,40724,Dutchess,Hyde Park,Hyde Park,Albany Post Rd,422,Restaurant,Diners and luncheonettes,133200,4184 Albany Post Rd,6064-02-986757-0000,6.06E+17,133200,4184,,125380000,1,310300,800000,1538500,1985,0,0,0,3.31,133201,Hyde Park,2,Private,3,Comm/public,4,Gas & elec,,,,,,,,7620,,,,C01
-73.9090548,41.76792821,41321,Dutchess,Hyde Park,Hyde Park,Violet Ave,422,Body shop,Diners and luncheonettes,133200,Violet Ave,6164-04-559438-0000,6.16E+17,133200,,,125380000,1,102400,205600,395400,1966,0,0,0,0.75,133201,Hyde Park,2,Private,2,Private,3,Electric,,,,,,,,5905,,,,G03
-73.79566943,41.67143412,45810,Dutchess,La Grange,La Grange,Route 55,422,Diner,Diners and luncheonettes,133400,1167 Route 55,6460-02-678933-0000,6.46E+17,133400,1167,,125400000,1,79400,336000,342900,,0,0,0,1.4,134601,Arlington,2,Private,2,Private,4,Gas & elec,,,,,,,,2090,,,,C02
-73.76599146,41.67051946,46016,Dutchess,La Grange,La Grange,Route 55,422,External apt,Diners and luncheonettes,133400,1482 Route 55,6560-01-492906-0000,6.56E+17,133400,1482,,125400000,1,80400,388800,396700,,0,0,0,2.02,134601,Arlington,2,Private,2,Private,4,Gas & elec,,,,,,,,3815,,,,A07
-73.69505284,41.78498479,53418,Dutchess,Millbrook,Washington,Franklin Ave,422,,Diners and luncheonettes,135801,3226 Franklin Ave,6765-18-400089-0000,6.77E+17,135800,3226,,125450000,1,19200,290900,299900,,0,0,0,0.04,135801,Millbrook,,,,,4,Gas & elec,,,,,,,,0,,,,
-73.51138699,41.95368119,53935,Dutchess,Millerton,Northeast,Main St,422,Diner,Diners and luncheonettes,133801,19 Main St,7271-14-346284-0000,7.27E+17,133800,19,,125460000,1,97200,205200,205200,1957,0,0,0,0.34,133801,Northeast,2,Private,3,Comm/public,3,Electric,,,,,,,,1160,,,,C02
-73.6567739,41.97900007,60668,Dutchess,Pine Plains,Pine Plains,S Main St,422,External apt,Diners and luncheonettes,134200,S Main St,6872-18-390171-0000,6.87E+17,134200,,,125670000,1,44300,285000,285000,1993,0,0,0,0.25,134201,Pine Plains,2,Private,3,Comm/public,3,Electric,,,,,,,,4032,,,,A07
-73.91301979,41.69839041,66823,Dutchess,"Poughkeepsie, City",Poughkeepsie,Main St,422,Diner,Diners and luncheonettes,131300,618 Main St,6161-24-468900-0000,6.16E+17,131300,618,,126010000,1,82500,261300,261300,1967,0,0,0,0.46,131300,Poughkeepsie,3,Comm/public,3,Comm/public,4,Gas & elec,,,,,,,,2015,,,,C02
-73.92911522,41.70217371,70786,Dutchess,"Poughkeepsie, City",Poughkeepsie,Market St,422,Diner,Diners and luncheonettes,131300,59 Market St,6162-77-027037-0000,6.16E+17,131300,59,,126010000,1,65500,230000,230000,1945,0,0,0,0.2,131300,Poughkeepsie,3,Comm/public,3,Comm/public,4,Gas & elec,,,,,,,,1360,,,,C02
-73.92350248,41.70239582,71115,Dutchess,"Poughkeepsie, City",Poughkeepsie,Main St,422,Diner,Diners and luncheonettes,131300,395 Main St,6162-78-180046-0000,6.16E+17,131300,395,,126010000,1,70500,236000,236000,1971,0,0,0,0.22,131300,Poughkeepsie,3,Comm/public,3,Comm/public,4,Gas & elec,,,,,,,,1848,,,,C02
-73.93020298,41.7157259,72405,Dutchess,"Poughkeepsie, City",Poughkeepsie,Washington St,422,Diner,Diners and luncheonettes,131300,194 Washington St,6062-52-995532-0000,6.06E+17,131300,194,,126010000,1,162000,2167965,2168000,1979,0,0,0,1.15,131300,Poughkeepsie,3,Comm/public,3,Comm/public,4,Gas & elec,,,,,,,,4364,,,,C02
-73.87235215,41.70222428,75778,Dutchess,"Poughkeepsie, Town",Poughkeepsie,Dutchess Tpke,422,Diner,Diners and luncheonettes,134689,805 Dutchess Tpke,6262-04-577050-0000,6.26E+17,134600,805,,126030000,1,293000,500000,505100,1980,0,0,0,1.8,134601,Arlington,2,Private,3,Comm/public,4,Gas & elec,,,,,,,,4070,,,,C02
-73.89696102,41.69606696,77388,Dutchess,"Poughkeepsie, Town",Poughkeepsie,Main St,422,Diner,Diners and luncheonettes,134689,829 Main St,6161-08-908818-0000,6.16E+17,134600,829,,126030000,1,144000,793000,801000,1985,0,0,0,0.5,134601,Arlington,3,Comm/public,3,Comm/public,4,Gas & elec,,,,,,,,4140,,,,C02
-73.90692843,41.68517426,77758,Dutchess,"Poughkeepsie, Town",Poughkeepsie,Hooker Ave,422,Drive-in,Diners and luncheonettes,134689,300 Hooker Ave,6161-04-636421-0000,6.16E+17,134600,300,,126030000,1,39500,123000,124200,1960,0,0,0,0.08,134601,Arlington,3,Comm/public,3,Comm/public,4,Gas & elec,,,,,,,,1100,,,,C04
-73.93108824,41.65982511,81854,Dutchess,"Poughkeepsie, Town",Poughkeepsie,South Rd,422,Diner,Diners and luncheonettes,134689,2511 South Rd,6060-04-980492-0000,6.06E+17,134600,2511,,126010000,1,347500,1300000,1313100,2007,0,0,0,1.09,134602,Spackenkill,3,Comm/public,3,Comm/public,3,Electric,,,,,,,,6511,,,,C02
-73.92024723,41.71739258,82468,Dutchess,"Poughkeepsie, Town",Poughkeepsie,Fairview Ave,422,Nbhd tavern,Diners and luncheonettes,134689,51 Fairview Ave,6162-10-267589-0000,6.16E+17,134600,51,,126010000,1,48000,80000,80800,1930,0,0,0,0.28,133201,Hyde Park,3,Comm/public,3,Comm/public,4,Gas & elec,,,,,,,,1253,,,,C06
-73.91134026,41.72435783,82698,Dutchess,"Poughkeepsie, Town",Poughkeepsie,Violet Ave,422,Diner,Diners and luncheonettes,134689,131 Violet Ave,6162-07-510847-0000,6.16E+17,134600,131,,126010000,1,70000,342000,345500,1928,0,0,0,0.52,133201,Hyde Park,3,Comm/public,3,Comm/public,4,Gas & elec,8,Old style,2,Hot air,2,Gas,1575,1890,2,2,4,C02
-73.91644782,41.62297491,84166,Dutchess,"Poughkeepsie, Town",Poughkeepsie,South Rd,422,Diner,Diners and luncheonettes,134689,1950 South Rd,6159-03-385153-0000,6.16E+17,134600,1950,,126010000,1,400000,1013000,1023200,,0,0,0,1.98,135601,Wappingers,3,Comm/public,3,Comm/public,4,Gas & elec,,,,,,,,5005,,,,C02
-73.87416086,41.99669639,89018,Dutchess,"Red Hook, Village",Red Hook,N Broadway,422,Diner,Diners and luncheonettes,134801,7550 N Broadway,6272-06-471776-0000,6.27E+17,134800,7550,,125710000,1,79000,214900,214900,1977,0,0,0,0.23,134801,Red Hook,2,Private,3,Comm/public,3,Electric,,,,,,,,1679,,,,C02
-73.73486196,41.72363457,97122,Dutchess,Union Vale,Union Vale,Tompkins Rd,422,Nbhd tavern,Diners and luncheonettes,135400,3 Tompkins Rd,6662-01-326849-0000,6.66E+17,135400,3,,125850000,1,14700,332200,339000,,0,0,0,0.53,135801,Millbrook,2,Private,2,Private,4,Gas & elec,,,,,,,,2910,,,,C06
-73.89191176,41.52900535,36857,Dutchess,"Fishkill, Village",Fishkill,Route 9,420,Diner,Dining establishments,133001,588 Route 9,6255-01-074730-0000,6.26E+17,133000,588,,125240000,1,750000,1560000,1575800,2011,0,0,0,1.54,135601,Wappingers,3,Comm/public,3,Comm/public,4,Gas & elec,,,,,,,,6715,,,,C02
-73.92284451,41.64414288,80965,Dutchess,"Poughkeepsie, Town",Poughkeepsie,South Rd,420,Fast food,Dining establishments,134689,2265 South Rd,6159-01-206922-0000,6.16E+17,134600,2265,,,1,450000,850000,858600,2013,0,0,0,1.26,134602,Spackenkill,3,Comm/public,3,Comm/public,4,Gas & elec,,,,,,,,4932,,,,C03
-73.57985848,41.73505689,15124,Dutchess,Dover,Dover,Route 22,426,Fast food,Fast food franchises,132600,3078 Route 22,7063-00-555300-0000,7.06E+17,132600,3078,,125220000,1,53500,310900,621800,1994,0,0,0,2.46,132602,Dover,2,Private,2,Private,3,Electric,,,,,,,,2481,,,,C03
-73.89934331,41.52808422,35259,Dutchess,Fishkill,Fishkill,W Merritt Blvd,426,Fast food,Fast food franchises,133089,59 W Merritt Blvd,6155-00-870711-0000,6.16E+17,133000,59,,125240000,1,775000,1092000,1103000,2003,0,0,0,0.78,135601,Wappingers,3,Comm/public,3,Comm/public,4,Gas & elec,,,,,,,,3249,,,,C03
-73.89959415,41.53743292,36427,Dutchess,"Fishkill, Village",Fishkill,Route 9,426,Fast food,Fast food franchises,133001,730 Route 9,6156-20-861037-0000,6.16E+17,133000,730,,125240000,1,525000,1248000,1260600,1982,0,0,0,0.78,135601,Wappingers,3,Comm/public,3,Comm/public,4,Gas & elec,,,,,,,,2790,,,,C03
-73.89690286,41.53445759,36843,Dutchess,"Fishkill, Village",Fishkill,Elm St,426,Fast food,Fast food franchises,133001,1 Elm St,6155-08-936925-0000,6.16E+17,133000,1,,125240000,1,675000,1040000,1050500,1994,0,0,0,0.79,135601,Wappingers,3,Comm/public,3,Comm/public,4,Gas & elec,,,,,,,,2116,,,,C03
-73.89870495,41.53438246,36846,Dutchess,"Fishkill, Village",Fishkill,Elm St,426,Fast food,Fast food franchises,133001,25 Elm St,6155-08-884926-0000,6.16E+17,133000,25,,125240000,1,815000,1248000,1260600,1994,0,0,0,1.01,135601,Wappingers,3,Comm/public,3,Comm/public,4,Gas & elec,,,,,,,,2854,,,,C03
-73.93039302,41.77541198,41095,Dutchess,Hyde Park,Hyde Park,Albany Post Rd,426,Fast food,Fast food franchises,133200,4164 Albany Post Rd,6064-02-979705-0000,6.06E+17,133200,4164,,125380000,1,130000,232900,447900,1980,0,0,0,0.34,133201,Hyde Park,2,Private,3,Comm/public,4,Gas & elec,,,,,,,,1593,,,,C03
-73.91022807,41.74031229,44039,Dutchess,Hyde Park,Hyde Park,Violet Ave,426,Full srv gas,Fast food franchises,133200,411 Violet Ave,6163-04-534430-0000,6.16E+17,133200,411,,126010000,1,93300,288000,553800,1980,0,0,0,0.43,133201,Hyde Park,2,Private,3,Comm/public,4,Gas & elec,,,,,,,,1288,,,,H01
-73.91177669,41.74451998,44136,Dutchess,Hyde Park,Hyde Park,Violet Ave,426,Nbhd center,Fast food franchises,133200,Violet Ave,6163-01-496583-0000,6.16E+17,133200,,,126010000,1,129400,405000,778800,1990,0,0,0,1.26,133201,Hyde Park,2,Private,3,Comm/public,3,Electric,,,,,,,,5668,,,,D04
-73.79718391,41.67183135,45831,Dutchess,La Grange,La Grange,Route 55,426,Small retail,Fast food franchises,133400,1151 Route 55,6460-02-638947-0000,6.46E+17,133400,1151,,125400000,1,525000,900000,918400,2010,0,0,0,0.72,134601,Arlington,2,Private,2,Private,4,Gas & elec,,,,,,,,7446,,,,D08
-73.801452,41.6723225,45837,Dutchess,La Grange,La Grange,Route 55,426,,Fast food franchises,133400,1111 Route 55,6460-02-520966-0000,6.46E+17,133400,1111,,125400000,1,103900,1059800,1081400,,0,0,0,1.11,134601,Arlington,2,Private,2,Private,4,Gas & elec,,,,,,,,4840,,,,
-73.50173309,41.952223,55170,Dutchess,North East,North East,Route 44,426,Fast food,Fast food franchises,133889,130 Route 44,7271-00-610232-0000,7.27E+17,133800,130,,125460000,1,100900,842900,842900,1985,0,0,0,0.79,133801,Northeast,2,Private,3,Comm/public,4,Gas & elec,,,,,,,,2731,,,,C03
-73.82254249,41.74423935,63171,Dutchess,Pleasant Valley,Pleasant Valley,Main St,426,Fast food,Fast food franchises,134400,1620 Main St,6363-12-925584-0000,6.36E+17,134400,1620,,125690000,1,65000,840000,861500,1995,0,0,0,1,134601,Arlington,2,Private,2,Private,3,Electric,,,,,,,,2878,,,,C03
-73.90621769,41.6972901,66368,Dutchess,"Poughkeepsie, City",Poughkeepsie,Main St,426,Fast food,Fast food franchises,131300,733 Main St,6161-34-654861-0000,6.16E+17,131300,733,,126030000,1,89500,1151300,1151300,1971,0,0,0,0.63,131300,Poughkeepsie,3,Comm/public,3,Comm/public,4,Gas & elec,,,,,,,,3756,,,,C03
-73.9124914,41.69826075,66829,Dutchess,"Poughkeepsie, City",Poughkeepsie,Main St,426,Fast food,Fast food franchises,131300,632 Main St,6161-24-483895-0000,6.16E+17,131300,632,,126010000,1,60000,148400,148400,1970,0,0,0,0.22,131300,Poughkeepsie,3,Comm/public,3,Comm/public,4,Gas & elec,,,,,,,,338,,,,C03
-73.91785897,41.70040059,67213,Dutchess,"Poughkeepsie, City",Poughkeepsie,Main St,426,Restaurant,Fast food franchises,131300,Main St,6161-23-335973-0000,6.16E+17,131300,,,126010000,1,78500,224500,224500,1976,0,0,0,0.34,131300,Poughkeepsie,3,Comm/public,3,Comm/public,4,Gas & elec,,,,,,,,2652,,,,C01
-73.90426435,41.69710273,76940,Dutchess,"Poughkeepsie, Town",Poughkeepsie,Main St,426,Fast food,Fast food franchises,134689,753 Main St,6161-07-709857-0000,6.16E+17,134600,753,,126030000,1,262000,725000,732300,2018,0,0,0,0.96,134601,Arlington,3,Comm/public,3,Comm/public,4,Gas & elec,,,,,,,,2496,,,,C03
-73.90382682,41.69699087,76941,Dutchess,"Poughkeepsie, Town",Poughkeepsie,Main St,426,Fast food,Fast food franchises,134689,757 Main St,6161-07-721853-0000,6.16E+17,134600,757,,126030000,1,240000,850000,858600,1993,0,0,0,0.78,134601,Arlington,3,Comm/public,3,Comm/public,4,Gas & elec,,,,,,,,2539,,,,C03
-73.89754204,41.6951462,77408,Dutchess,"Poughkeepsie, Town",Poughkeepsie,Haight Ave,426,Fast food,Fast food franchises,134689,535 Haight Ave,6161-08-894787-0000,6.16E+17,134600,535,,126030000,1,208000,534000,539400,1990,0,0,0,0.5,134601,Arlington,3,Comm/public,3,Comm/public,4,Gas & elec,,,,,,,,2465,,,,C03
-73.90480168,41.69645734,77852,Dutchess,"Poughkeepsie, Town",Poughkeepsie,Main St,426,Fast food,Fast food franchises,134689,744 Main St,6161-07-694830-0000,6.16E+17,134600,744,,126030000,1,205500,541800,547300,1979,0,0,0,0.36,134601,Arlington,3,Comm/public,3,Comm/public,4,Gas & elec,,,,,,,,1572,,,,C03
-73.92335624,41.64468484,80964,Dutchess,"Poughkeepsie, Town",Poughkeepsie,South Rd,426,Fast food,Fast food franchises,134689,2275 South Rd,6159-01-194942-0000,6.16E+17,134600,2275,,,8,600000,1050000,1060600,2016,0,0,0,1.39,134602,Spackenkill,3,Comm/public,3,Comm/public,4,Gas & elec,,,,,,,,3603,,,,C03
-73.91559832,41.61729157,84110,Dutchess,"Poughkeepsie, Town",Poughkeepsie,South Rd,426,Fast food,Fast food franchises,134689,1876 South Rd,6158-01-410946-0000,6.16E+17,134600,1876,,126010000,1,800000,1000000,1010100,1977,0,0,0,0.58,135601,Wappingers,3,Comm/public,3,Comm/public,4,Gas & elec,,,,,,,,3876,,,,C03
-73.88240596,41.98648371,87298,Dutchess,Red Hook,Red Hook,S Broadway,426,Fast food,Fast food franchises,134889,7329 S Broadway,6272-00-242393-0000,6.27E+17,134800,7329,,125710000,1,124800,336900,336900,2006,0,0,0,2.98,134801,Red Hook,2,Private,2,Private,4,Gas & elec,,,,,,,,1726,,,,C03
-73.90873202,41.59040312,99965,Dutchess,Wappinger,Wappinger,Route 9,426,Fast food,Fast food franchises,135689,1491 Route 9,6157-02-600971-0000,6.16E+17,135600,1491,,125900000,1,400000,1040000,1050500,2004,0,0,0,1.32,135601,Wappingers,2,Private,2,Private,4,Gas & elec,,,,,,,,3416,,,,C03
-73.90952375,41.59471877,106237,Dutchess,Wappingers Falls,Wappinger,Route 9,426,Fast food,Fast food franchises,135601,1546 Route 9,6158-19-582123-0000,6.16E+17,135600,1546,,125900000,1,400000,884000,892900,2004,0,0,0,0.32,135601,Wappingers,2,Private,2,Private,4,Gas & elec,,,,,,,,1904,,,,C03
-73.90893628,41.76683975,41342,Dutchess,Hyde Park,Hyde Park,Violet Ave,400,Restaurant,Restaurant,133200,799 Violet Ave,6164-04-564397-0000,6.16E+17,133200,799,,125380000,1,68200,300000,576900,1965,0,0,0,0.58,133201,Hyde Park,2,Private,2,Private,3,Electric,,,,,,,,4292,,,,C01
-73.55831335,41.8510945,1180,Dutchess,Amenia,Amenia,Route 22,421,Restaurant,Restaurants,132000,4957 Route 22,7167-09-105536-0000,7.17E+17,132000,4957,,125010000,1,281000,1017500,1017500,1920,0,0,0,15.3,133801,Northeast,2,Private,3,Comm/public,4,Gas & elec,8,Old style,2,Hot air,4,Oil,860,4000,1,1,1,C01
-73.56639423,41.84620514,1273,Dutchess,Amenia,Amenia,Autumn Ln,421,Nbhd tavern,Restaurants,132000,6 Autumn Ln,7067-00-890328-0000,7.07E+17,132000,6,,125010000,1,179000,480000,480000,1930,0,0,0,6.62,133801,Northeast,2,Private,3,Comm/public,4,Gas & elec,,,,,,,,2645,,,,C06
-73.96205746,41.50308976,3033,Dutchess,Beacon,Beacon,E Main St,421,,Restaurants,130200,8 E Main St,6054-30-168772-0000,6.05E+17,130200,8,,,1,800000,3250000,3316300,1900,0,0,0,0,130200,Beacon,3,Comm/public,3,Comm/public,4,Gas & elec,,,,,,,,0,,,,
-73.96303484,41.50164626,3073,Dutchess,Beacon,Beacon,E Main St,421,,Restaurants,130200,7 E Main St,6054-38-132727-0000,6.05E+17,130200,7,,,1,800000,1500000,1530600,,0,0,0,0.47,130200,Beacon,3,Comm/public,3,Comm/public,4,Gas & elec,,,,,,,,,,,,
-73.97150117,41.50540068,4281,Dutchess,Beacon,Beacon,Main St,421,Row retail,Restaurants,130200,297 Main St,5954-36-899864-0000,5.95E+17,130200,297,,125080000,1,165000,750000,765300,1930,0,0,0,0.37,130200,Beacon,3,Comm/public,3,Comm/public,4,Gas & elec,,,,,,,,2520,,,,D10
-73.97233152,41.50665031,4358,Dutchess,Beacon,Beacon,Main St,421,Room/dorm,Restaurants,130200,246 Main St,5954-28-877907-0000,5.95E+17,130200,246,,125080000,1,160000,920000,938800,1960,0,0,0,0.08,130200,Beacon,3,Comm/public,3,Comm/public,4,Gas & elec,,,,,,,,5845,,,,B06
-73.97113781,41.50598913,4390,Dutchess,Beacon,Beacon,Main St,421,External apt,Restaurants,130200,276 Main St,5954-28-910884-0000,5.95E+17,130200,276,,125080000,1,22000,500000,510200,1900,0,0,0,0.12,130200,Beacon,3,Comm/public,3,Comm/public,4,Gas & elec,,,,,,,,3000,,,,A07
-73.95128779,41.51261392,5512,Dutchess,Beacon,Beacon,Fishkill Ave,421,External apt,Restaurants,130200,439 Fishkill Ave,6055-72-452126-0000,6.06E+17,130200,439,,125080000,1,100000,349200,356300,,0,0,0,0.22,130200,Beacon,3,Comm/public,3,Comm/public,4,Gas & elec,,,,,,,,,,,,A07
-73.68944093,41.62668009,9995,Dutchess,Beekman,Beekman,Route 55,421,Restaurant,Restaurants,132200,2515 Route 55,6759-00-589324-0000,6.76E+17,132200,2515,,125700000,1,346500,755000,786500,1997,0,0,0,2.41,134601,Arlington,2,Private,2,Private,4,Gas & elec,,,,,,,,5292,,,,C01
-73.68603614,41.62337541,9999,Dutchess,Beekman,Beekman,Route 55,421,Restaurant,Restaurants,132200,2578 Route 55,6759-04-685204-0000,6.76E+17,132200,2578,,125700000,1,192000,650000,677100,1983,0,0,0,0.92,134601,Arlington,2,Private,2,Private,3,Electric,,,,,,,,3994,,,,C01
-73.67995137,41.62097108,10124,Dutchess,Beekman,Beekman,Route 55,421,Restaurant,Restaurants,132200,2645 Route 55,6759-00-854114-0000,6.76E+17,132200,2645,,125700000,1,150000,343000,357300,2000,0,0,0,0.92,134601,Arlington,2,Private,2,Private,3,Electric,,,,,,,,2808,,,,C01
-73.57375677,41.6257814,14269,Dutchess,Dover,Dover,Route 22,421,Restaurant,Restaurants,132600,1456 Route 22,7059-04-756319-0000,7.06E+17,132600,1456,,125940000,1,49700,276800,553600,1996,0,0,0,0.87,132602,Dover,2,Private,2,Private,4,Gas & elec,,,,,,,,3228,,,,C01
-73.58371016,41.74218686,14904,Dutchess,Dover,Dover,Route 22,421,Restaurant,Restaurants,132600,3189 Route 22,7063-10-443559-0000,7.06E+17,132600,3189,,125220000,1,61100,136700,273400,1970,0,0,0,3.56,132602,Dover,2,Private,3,Comm/public,3,Electric,,,,,,,,3722,,,,C01
-73.58203503,41.74260229,14906,Dutchess,Dover,Dover,Route 22,421,Restaurant,Restaurants,132600,3186 Route 22,7063-10-491576-0000,7.06E+17,132600,3186,,125220000,1,39200,191400,382800,1999,0,0,0,0.9,132602,Dover,2,Private,3,Comm/public,3,Electric,,,,,,,,3268,,,,C01
-73.55628981,41.65598439,16758,Dutchess,Dover,Dover,Old State Route 22,421,Restaurant,Restaurants,132600,34 Old State Route 22,7160-00-226426-0000,7.16E+17,132600,34,,125940000,1,21000,109900,219800,1937,0,0,0,1.7,132602,Dover,2,Private,2,Private,4,Gas & elec,,,,,,,,3236,,,,C01
-73.82964219,41.60570513,17954,Dutchess,East Fishkill,East Fishkill,Route 376,421,Restaurant,Restaurants,132800,901 Route 376,6358-02-768532-0000,6.36E+17,132800,901,,125900000,1,165000,450000,459200,1940,0,0,0,2.73,135601,Wappingers,2,Private,2,Private,3,Electric,8,Old style,2,Hot air,4,Oil,1311,1862,2,2,4,C01
-73.82238287,41.60522264,18227,Dutchess,East Fishkill,East Fishkill,Route 376,421,Restaurant,Restaurants,132800,826 Route 376,6358-02-964517-0000,6.36E+17,132800,826,,125330000,1,270000,600000,612200,1960,0,0,0,0.72,135601,Wappingers,2,Private,2,Private,4,Gas & elec,,,,,,,,3536,,,,C01
-73.80436138,41.58398217,21627,Dutchess,East Fishkill,East Fishkill,Turner St,421,Restaurant,Restaurants,132800,3 Turner St,6457-01-470744-0000,6.46E+17,132800,3,,125330000,1,250000,800000,816300,1960,0,0,0,1.05,135601,Wappingers,2,Private,2,Private,4,Gas & elec,,,,,,,,5279,,,,C01
-73.77602564,41.58079589,22064,Dutchess,East Fishkill,East Fishkill,Carpenter Rd,421,Restaurant,Restaurants,132800,109 Carpenter Rd,6557-01-235639-0000,6.56E+17,132800,109,,125330000,1,100000,400000,408200,1960,0,0,0,1,135601,Wappingers,2,Private,2,Private,4,Gas & elec,,,,,,,,4572,,,,C01
-73.77591062,41.56437828,22292,Dutchess,East Fishkill,East Fishkill,Route 52,421,Inn/lodge,Restaurants,132800,2737 Route 52,6557-03-242048-0000,6.56E+17,132800,2737,,125330000,1,840000,1500000,1530600,1900,0,0,0,9.23,135601,Wappingers,2,Private,2,Private,3,Electric,9,Cottage,1,No central,1,None,660,24380,1,1,1,B04
-73.78749081,41.55269525,22670,Dutchess,East Fishkill,East Fishkill,Route 52,421,Nbhd tavern,Restaurants,132800,2550 Route 52,6456-02-931614-0000,6.46E+17,132800,2550,,125330000,1,110000,200000,204100,1960,0,0,0,1.4,135601,Wappingers,2,Private,2,Private,4,Gas & elec,,,,,,,,2756,,,,C06
-73.71544281,41.53070121,26884,Dutchess,East Fishkill,East Fishkill,Route 52,421,Diner,Restaurants,132800,3760 Route 52,6655-02-909823-0000,6.66E+17,132800,3760,,125820000,1,180000,450000,459200,1965,0,0,0,3.5,372002,Carmel,2,Private,2,Private,4,Gas & elec,,,,,,,,3306,,,,C02
-73.91850946,41.52763696,31692,Dutchess,Fishkill,Fishkill,Route 52,421,Restaurant,Restaurants,133089,853 Route 52,6155-01-349676-0000,6.16E+17,133000,853,,125240000,1,1000000,2000000,2020200,1990,0,0,0,2.4,135601,Wappingers,3,Comm/public,3,Comm/public,4,Gas & elec,,,,,,,,12097,,,,C01
-73.85561954,41.55557407,33026,Dutchess,Fishkill,Fishkill,Route 82,421,Restaurant,Restaurants,133089,213 Route 82,6356-01-056705-0000,6.36E+17,133000,213,,125240000,1,250000,728000,735400,1965,0,0,0,0.91,135601,Wappingers,2,Private,2,Private,3,Electric,,,,,,,,8247,,,,C01
-73.87411924,41.54453035,33864,Dutchess,Fishkill,Fishkill,Route 52,421,Restaurant,Restaurants,133089,Route 52,6256-04-559300-0000,6.26E+17,133000,,,125240000,1,300000,624000,630300,1977,0,0,0,0.81,135601,Wappingers,3,Comm/public,3,Comm/public,3,Electric,,,,,,,,3455,,,,C01
-73.88799293,41.51796387,34980,Dutchess,Fishkill,Fishkill,Route 9,421,Restaurant,Restaurants,133089,448 Route 9,6255-00-209340-0000,6.26E+17,133000,448,,125240000,1,650000,1019200,1029500,1975,0,0,0,22.4,135601,Wappingers,2,Private,2,Private,3,Electric,,,,,,,,4538,,,,C01
-73.89444278,41.52631363,35300,Dutchess,Fishkill,Fishkill,Westage Dr,421,Restaurant,Restaurants,133089,21 Westage Dr,6255-00-007635-0000,6.26E+17,133000,21,,125240000,1,1300000,2000000,2020200,2002,0,0,0,1.68,135601,Wappingers,3,Comm/public,3,Comm/public,4,Gas & elec,,,,,,,,5382,,,,C01
-73.98209063,41.4605374,36073,Dutchess,Fishkill,Fishkill,Route 9D,421,Restaurant,Restaurants,133089,263 Route 9D,5953-00-620222-0000,5.95E+17,133000,263,,125080000,1,528000,1900000,1919200,1969,0,0,0,6.79,130200,Beacon,2,Private,2,Private,3,Electric,,,,,,,,16307,,,,C01
-73.90279768,41.53578553,36347,Dutchess,"Fishkill, Village",Fishkill,Main St,421,Restaurant,Restaurants,133001,Main St,6155-08-772977-0000,6.16E+17,133000,,,125240000,1,65000,450000,454500,1920,0,0,0,0.11,135601,Wappingers,3,Comm/public,3,Comm/public,4,Gas & elec,,,,,,,,2397,,,,C01
-73.90190382,41.53535713,36357,Dutchess,"Fishkill, Village",Fishkill,Main St,421,Restaurant,Restaurants,133001,Main St,6155-08-795965-0000,6.16E+17,133000,,,125240000,1,425000,1014000,1024200,1950,0,0,0,0.5,135601,Wappingers,3,Comm/public,3,Comm/public,4,Gas & elec,,,,,,,,6404,,,,C01
-73.8993566,41.53510735,36395,Dutchess,"Fishkill, Village",Fishkill,Route 9,421,Restaurant,Restaurants,133001,Route 9,6155-08-868954-0000,6.16E+17,133000,,,125240000,1,1000000,3200000,3232300,1978,0,0,0,0.86,135601,Wappingers,3,Comm/public,3,Comm/public,4,Gas & elec,,,,,,,,5997,,,,C01
-73.89229204,41.52959527,36855,Dutchess,"Fishkill, Village",Fishkill,Merritt Blvd,421,Restaurant,Restaurants,133001,4 Merritt Blvd,6255-01-063754-0000,6.26E+17,133000,4,,125240000,1,1200000,2860000,2888900,1998,0,0,0,2.4,135601,Wappingers,3,Comm/public,3,Comm/public,4,Gas & elec,,,,,,,,9606,,,,C01
-73.93146807,41.77561814,40733,Dutchess,Hyde Park,Hyde Park,Albany Post Rd,421,Restaurant,Restaurants,133200,4167 Albany Post Rd,6064-02-946712-0000,6.06E+17,133200,4167,,125380000,1,202800,700000,1346200,1975,0,0,0,1.3,133201,Hyde Park,2,Private,3,Comm/public,4,Gas & elec,,,,,,,,4945,,,,C01
-73.93077987,41.77810938,40971,Dutchess,Hyde Park,Hyde Park,Albany Post Rd,421,Fast food,Restaurants,133200,4200 Albany Post Rd,6064-02-968804-0000,6.06E+17,133200,4200,,125380000,1,130900,238500,458700,1988,0,0,0,0.35,133201,Hyde Park,2,Private,3,Comm/public,4,Gas & elec,,,,,,,,2880,,,,C03
-73.92938432,41.76904369,41080,Dutchess,Hyde Park,Hyde Park,Albany Post Rd,421,Restaurant,Restaurants,133200,4076 Albany Post Rd,6164-03-007474-0000,6.16E+17,133200,4076,,125380000,1,199800,526800,1013100,1948,0,0,0,1.25,133201,Hyde Park,2,Private,2,Private,4,Gas & elec,,,,,,,,3329,,,,C01
-73.90566951,41.76202688,41282,Dutchess,Hyde Park,Hyde Park,Violet Ave,421,Restaurant,Restaurants,133200,728 Violet Ave,6164-04-640211-0000,6.16E+17,133200,728,,126010000,1,51600,308672,593600,1971,0,0,0,0.82,133201,Hyde Park,2,Private,2,Private,3,Electric,,,,,,,,7645,,,,C01
-73.93034279,41.74249282,44542,Dutchess,Hyde Park,Hyde Park,Albany Post Rd,421,Restaurant,Restaurants,133200,3710 Albany Post Rd,6063-02-987506-0000,6.06E+17,133200,3710,,126010000,1,150000,311000,598100,1938,0,0,0,2,133201,Hyde Park,2,Private,3,Comm/public,4,Gas & elec,8,Old style,3,Hot wtr/stm,4,Oil,2068,5038,1,1,3,C01
-73.93100159,41.76056424,44567,Dutchess,Hyde Park,Hyde Park,Albany Post Rd,421,Restaurant,Restaurants,133200,3957 Albany Post Rd,6064-04-965164-0000,6.06E+17,133200,3957,,125380000,1,257000,450000,865400,1980,0,0,0,0.92,133201,Hyde Park,2,Private,3,Comm/public,4,Gas & elec,,,,,,,,6026,,,,C01
-73.79285005,41.66917395,45819,Dutchess,La Grange,La Grange,Route 55,421,Diner,Restaurants,133400,Route 55,6460-02-757853-0000,6.46E+17,133400,,,125400000,1,107300,1750000,1785700,1956,0,0,0,2.81,134601,Arlington,2,Private,2,Private,4,Gas & elec,1,Ranch,3,Hot wtr/stm,4,Oil,1624,6079,1,1,3,C02
-73.8605306,41.6833309,50125,Dutchess,La Grange,La Grange,Manchester Rd,421,Small retail,Restaurants,133400,Manchester Rd,6261-04-906358-0000,6.26E+17,133400,,,126030000,1,160700,830400,847300,1960,0,0,0,1.2,134601,Arlington,2,Private,3,Comm/public,4,Gas & elec,,,,,,,,9108,,,,D08
-73.69163804,41.78277873,53214,Dutchess,Millbrook,Washington,Alden Pl,421,,Restaurants,135801,Alden Pl,6765-18-494010-0000,6.77E+17,135800,,,125450000,1,63800,454000,468000,1900,0,0,0,0.46,135801,Millbrook,3,Comm/public,3,Comm/public,4,Gas & elec,14,Other style,3,Hot wtr/stm,4,Oil,2512,2378,4,4,6,
-73.69296817,41.7856086,53368,Dutchess,Millbrook,Washington,Franklin Ave,421,,Restaurants,135801,3299 Franklin Ave,6765-18-457112-0000,6.77E+17,135800,3299,,125450000,1,24500,621900,641100,1988,0,0,0,0.16,135801,Millbrook,3,Comm/public,3,Comm/public,4,Gas & elec,,,,,,,,3973,,,,
-73.51433685,41.95556286,53723,Dutchess,Millerton,Northeast,N Elm Ave,421,Restaurant,Restaurants,133801,5952 N Elm Ave,7271-14-263351-0000,7.27E+17,133800,5952,,125460000,1,131600,564000,564000,2005,0,0,0,1.29,133801,Northeast,2,Private,3,Comm/public,4,Gas & elec,,,,,,,,5788,,,,C01
-73.51265641,41.95312538,53737,Dutchess,Millerton,Northeast,N Elm Ave,421,Small retail,Restaurants,133801,5916 N Elm Ave,7271-14-311262-0000,7.27E+17,133800,5916,,125460000,1,95600,522000,522000,2008,0,0,0,0.32,133801,Northeast,2,Private,3,Comm/public,4,Gas & elec,,,,,,,,2560,,,,D08
-73.50970124,41.95337683,53916,Dutchess,Millerton,Northeast,Main St,421,Row retail,Restaurants,133801,52 Main St,7271-14-391272-0000,7.27E+17,133800,52,,125460000,1,67500,453900,453900,1920,0,0,0,0.16,133801,Northeast,2,Private,3,Comm/public,3,Electric,,,,,,,,4320,,,,D10
-73.53879874,41.91691552,54651,Dutchess,North East,North East,Route 22,421,Restaurant,Restaurants,133889,5546 Route 22,7169-00-610925-0000,7.17E+17,133800,5546,,125460000,1,30500,103400,103400,1967,0,0,0,2,133801,Northeast,2,Private,2,Private,4,Gas & elec,,,,,,,,2684,,,,C01
-73.58450026,41.53408188,58589,Dutchess,Pawling,Pawling,Route 22,421,Restaurant,Restaurants,134089,130 Route 22,7055-00-496975-0000,7.06E+17,134000,130,,125640000,1,72000,300000,638300,1984,0,0,0,1.48,134001,Pawling,2,Private,2,Private,4,Gas & elec,,,,,,,,5400,,,,C01
-73.58433678,41.53311856,58611,Dutchess,Pawling,Pawling,Route 22,421,Restaurant,Restaurants,134089,118 Route 22,7055-00-503941-0000,7.06E+17,134000,118,,125640000,1,63400,156900,333800,1982,0,0,0,1.28,134001,Pawling,2,Private,2,Private,4,Gas & elec,,,,,,,,1964,,,,C01
-73.58550716,41.52859458,58624,Dutchess,Pawling,Pawling,Route 22,421,Drive-in,Restaurants,134089,56 Route 22,7055-00-467774-0000,7.06E+17,134000,56,,125640000,1,74400,167300,356000,1960,0,0,0,1,134001,Pawling,2,Private,2,Private,4,Gas & elec,3,Split level,3,Hot wtr/stm,4,Oil,2260,11440,1,1,2,C04
-73.59331771,41.5543869,59433,Dutchess,"Pawling, Village",Pawling,E Main St,421,Restaurant,Restaurants,134001,146 E Main St,7056-09-244711-0000,7.06E+17,134000,146,,125640000,1,23600,223600,475700,1935,0,0,0,0.59,134001,Pawling,2,Private,3,Comm/public,4,Gas & elec,13,Bungalow,,,,,336,3154,1,1,1,C01
-73.65679803,41.97921346,60378,Dutchess,Pine Plains,Pine Plains,S Main St,421,Restaurant,Restaurants,134200,7801 S Main St,6872-18-390182-0000,6.87E+17,134200,7801,,125670000,1,49400,1000000,1000000,1782,0,0,0,0.92,134201,Pine Plains,2,Private,3,Comm/public,3,Electric,,,,,,,,9263,,,,C01
-73.65769405,41.9707056,60614,Dutchess,Pine Plains,Pine Plains,Route 82,421,Restaurant,Restaurants,134200,7685 Route 82,6871-00-360870-0000,6.87E+17,134200,7685,,125670000,1,97300,511000,511000,1990,0,0,0,3.1,134201,Pine Plains,2,Private,2,Private,3,Electric,,,,,,,,4258,,,,C01
-73.65766283,41.97963978,60674,Dutchess,Pine Plains,Pine Plains,Church St,421,Restaurant,Restaurants,134200,2938 Church St,6872-18-363194-0000,6.87E+17,134200,2938,,125670000,1,31300,184000,184000,1925,0,0,0,0.12,134201,Pine Plains,2,Private,3,Comm/public,4,Gas & elec,,,,,,,,1680,,,,C01
-73.79300251,41.80735448,61901,Dutchess,Pleasant Valley,Pleasant Valley,Salt Point Tpke,421,Restaurant,Restaurants,134400,Salt Point Tpke,6465-02-717889-0000,6.47E+17,134400,,,125780000,1,40300,360000,369200,1940,0,0,0,0.62,133201,Hyde Park,2,Private,2,Private,3,Electric,,,,,,,,4195,,,,C01
-73.78701957,41.75646998,62593,Dutchess,Pleasant Valley,Pleasant Valley,Route 44,421,Restaurant,Restaurants,134400,Route 44,6464-04-892037-0000,6.46E+17,134400,,,125690000,1,84100,215000,220500,1920,0,0,0,1.15,134601,Arlington,2,Private,2,Private,3,Electric,1,Ranch,3,Hot wtr/stm,2,Gas,996,2597,1,3,3,C01
-73.82287168,41.74400832,63172,Dutchess,Pleasant Valley,Pleasant Valley,Main St,421,Restaurant,Restaurants,134400,Main St,6363-12-912579-0000,6.36E+17,134400,,,125690000,1,51600,340000,348700,1820,0,0,0,0.65,134601,Arlington,2,Private,2,Private,4,Gas & elec,8,Old style,2,Hot air,4,Oil,968,2084,1,1,2,C01
-73.79890263,41.75186385,63468,Dutchess,Pleasant Valley,Pleasant Valley,Route 44,421,Restaurant,Restaurants,134400,1890 Route 44,6463-02-571866-0000,6.46E+17,134400,1890,,125690000,1,57200,360000,369200,1939,0,0,0,0.88,134601,Arlington,2,Private,2,Private,3,Electric,,,,,,,,3182,,,,C01
-73.75212827,41.78135784,64610,Dutchess,Pleasant Valley,Pleasant Valley,Route 44,421,Restaurant,Restaurants,134400,2571 Route 44,6564-02-845949-0000,6.56E+17,134400,2571,,125450000,1,52700,215000,220500,1950,0,0,0,0.81,134601,Arlington,2,Private,2,Private,3,Electric,,,,,,,,6012,,,,C01
-73.90213609,41.68250019,65144,Dutchess,"Poughkeepsie, City",Poughkeepsie,Hooker Ave,421,Restaurant,Restaurants,131300,357 Hooker Ave,6161-67-758348-0000,6.16E+17,131300,357,,126030000,1,265500,438800,438800,1970,0,0,0,1.07,131300,Poughkeepsie,3,Comm/public,3,Comm/public,4,Gas & elec,,,,,,,,2424,,,,C01
-73.91345622,41.69918814,66789,Dutchess,"Poughkeepsie, City",Poughkeepsie,Main St,421,Restaurant,Restaurants,131300,595 Main St,6161-24-458929-0000,6.16E+17,131300,595,,126010000,1,57500,262500,262500,1930,0,0,0,0.23,131300,Poughkeepsie,3,Comm/public,3,Comm/public,4,Gas & elec,,,,,,,,3467,,,,C01
-73.91596148,41.69965265,66923,Dutchess,"Poughkeepsie, City",Poughkeepsie,Main St,421,Restaurant,Restaurants,131300,552 Main St,6161-24-387946-0000,6.16E+17,131300,552,,126010000,1,50000,78800,78800,1900,0,0,0,0.18,131300,Poughkeepsie,3,Comm/public,3,Comm/public,4,Gas & elec,,,,,,,,2743,,,,C01
-73.9206014,41.70089088,67246,Dutchess,"Poughkeepsie, City",Poughkeepsie,S Clinton St,421,Walk-up apt,Restaurants,131300,7 S Clinton St,6161-23-258990-0000,6.16E+17,131300,7,,126010000,1,30000,50000,50000,1935,0,0,0,0.14,131300,Poughkeepsie,3,Comm/public,3,Comm/public,4,Gas & elec,,,,,,,,3961,,,,A01
-73.93955476,41.69814894,70185,Dutchess,"Poughkeepsie, City",Poughkeepsie,Rinaldi Blvd,421,Restaurant,Restaurants,131300,176 Rinaldi Blvd,6061-26-744884-0000,6.06E+17,131300,176,,126010000,8,600000,7158232,7158200,2007,0,0,0,5.47,131300,Poughkeepsie,3,Comm/public,3,Comm/public,4,Gas & elec,,,,,,,,39373,,,,C01
-73.93942891,41.70576509,70307,Dutchess,"Poughkeepsie, City",Poughkeepsie,N Water St,421,Restaurant,Restaurants,131300,1 N Water St,6062-74-744166-0000,6.06E+17,131300,1,,126010000,1,52500,444700,444700,1940,0,0,0,0.32,131300,Poughkeepsie,3,Comm/public,3,Comm/public,4,Gas & elec,,,,,,,,4870,,,,C01
-73.93448264,41.70577437,70344,Dutchess,"Poughkeepsie, City",Poughkeepsie,Main St,421,Walk-up apt,Restaurants,131300,115 Main St,6062-76-840167-0000,6.06E+17,131300,115,,126010000,1,99000,589600,589600,1981,0,0,0,0.57,131300,Poughkeepsie,3,Comm/public,3,Comm/public,4,Gas & elec,,,,,,,,10635,,,,A01
-73.92755363,41.70395763,70945,Dutchess,"Poughkeepsie, City",Poughkeepsie,Main St,421,Restaurant,Restaurants,131300,Main St,6162-77-069102-0000,6.16E+17,131300,,,126010000,1,40000,333400,333400,1920,0,0,0,0.14,131300,Poughkeepsie,3,Comm/public,3,Comm/public,4,Gas & elec,,,,,,,,5570,,,,C01
-73.92654391,41.70530286,70968,Dutchess,"Poughkeepsie, City",Poughkeepsie,Mill St,421,Restaurant,Restaurants,131300,289 Mill St,6162-69-096151-0000,6.16E+17,131300,289,,126010000,1,85000,689700,689700,1910,0,0,0,0.48,131300,Poughkeepsie,3,Comm/public,3,Comm/public,4,Gas & elec,,,,,,,,9726,,,,C01
-73.92588858,41.70381885,70998,Dutchess,"Poughkeepsie, City",Poughkeepsie,Main St,421,Profssnl off,Restaurants,131300,319 Main St,6162-77-114098-0000,6.16E+17,131300,319,,126010000,1,138000,787860,787900,1955,0,0,0,1.13,131300,Poughkeepsie,3,Comm/public,3,Comm/public,4,Gas & elec,,,,,,,,10792,,,,E03
-73.93654442,41.71110257,72119,Dutchess,"Poughkeepsie, City",Poughkeepsie,Albany St,421,Restaurant,Restaurants,131300,40 Albany St,6062-67-823361-0000,6.06E+17,131300,40,,126010000,1,50000,560000,560000,2011,0,0,0,0.34,131300,Poughkeepsie,3,Comm/public,3,Comm/public,4,Gas & elec,,,,,,,,10514,,,,C01
-73.92332323,41.71091425,72661,Dutchess,"Poughkeepsie, City",Poughkeepsie,Garden St,421,Restaurant,Restaurants,131300,157 Garden St,6162-62-184355-0000,6.16E+17,131300,157,,126010000,1,44500,436900,436900,1870,0,0,0,0.07,131300,Poughkeepsie,3,Comm/public,3,Comm/public,4,Gas & elec,,,,,,,,7584,,,,C01
-73.91816707,41.70744931,72741,Dutchess,"Poughkeepsie, City",Poughkeepsie,Cottage St,421,Mini-Warehouse,Restaurants,131300,40 Cottage St,6162-71-324229-0000,6.16E+17,131300,40,,126010000,1,49000,423000,423000,1900,0,0,0,0.23,131300,Poughkeepsie,3,Comm/public,3,Comm/public,4,Gas & elec,,,,,,,,15880,,,,F10
-73.85405531,41.71751286,73236,Dutchess,"Poughkeepsie, Town",Poughkeepsie,Dutchess Tpke,421,Restaurant,Restaurants,134689,1112 Dutchess Tpke,6362-01-074606-0000,6.36E+17,134600,1112,,126030000,1,264500,500000,505100,1900,0,0,0,0.96,134601,Arlington,2,Private,3,Comm/public,4,Gas & elec,,,,,,,,5340,,,,C01
-73.87431925,41.65453523,74628,Dutchess,"Poughkeepsie, Town",Poughkeepsie,Vassar Rd,421,Restaurant,Restaurants,134689,11 Vassar Rd,6260-04-535313-0000,6.26E+17,134600,11,,126030000,1,177000,405000,409100,1940,0,0,0,0.61,135601,Wappingers,2,Private,3,Comm/public,4,Gas & elec,,,,,,,,4261,,,,C01
-73.8757981,41.65235786,74659,Dutchess,"Poughkeepsie, Town",Poughkeepsie,Vassar Rd,421,Restaurant,Restaurants,134689,46 Vassar Rd,6260-03-495227-0000,6.26E+17,134600,46,,126030000,1,205500,290000,292900,1971,0,0,0,0.46,135601,Wappingers,2,Private,3,Comm/public,4,Gas & elec,,,,,,,,2767,,,,C01
-73.8765612,41.66511823,74672,Dutchess,"Poughkeepsie, Town",Poughkeepsie,New Hackensack Rd,421,Nbhd tavern,Restaurants,134689,2186 New Hackensack Rd,6260-01-480676-0000,6.26E+17,134600,2186,,126030000,1,144500,285000,287900,1947,0,0,0,5.2,134601,Arlington,2,Private,3,Comm/public,4,Gas & elec,,,,,,,,1860,,,,C06
-73.87399615,41.70162212,75807,Dutchess,"Poughkeepsie, Town",Poughkeepsie,Dutchess Tpke,421,Restaurant,Restaurants,134689,779 Dutchess Tpke,6262-04-531025-0000,6.26E+17,134600,779,,126030000,1,310000,566000,571700,1900,0,0,0,2.2,134601,Arlington,2,Private,3,Comm/public,4,Gas & elec,,,,,,,,3584,,,,C01
-73.90316863,41.69668358,76960,Dutchess,"Poughkeepsie, Town",Poughkeepsie,Main St,421,Restaurant,Restaurants,134689,763 Main St,6161-07-738842-0000,6.16E+17,134600,763,,126030000,1,205500,400000,404000,1891,0,0,0,0.36,134601,Arlington,3,Comm/public,3,Comm/public,4,Gas & elec,,,,,,,,3059,,,,C01
-73.90066039,41.69585642,76987,Dutchess,"Poughkeepsie, Town",Poughkeepsie,Main St,421,Restaurant,Restaurants,134689,796 Main St,6161-08-806808-0000,6.16E+17,134600,796,,126030000,1,204000,435000,439400,1916,0,0,0,0.34,134601,Arlington,3,Comm/public,3,Comm/public,4,Gas & elec,,,,,,,,5379,,,,C01
-73.89614948,41.69523018,77410,Dutchess,"Poughkeepsie, Town",Poughkeepsie,Main St,421,Restaurant,Restaurants,134689,842 Main St,6161-08-930788-0000,6.16E+17,134600,842,,126030000,1,253500,905000,914100,1960,0,0,0,0.87,134601,Arlington,3,Comm/public,3,Comm/public,4,Gas & elec,,,,,,,,8846,,,,C01
-73.89779709,41.69619446,77419,Dutchess,"Poughkeepsie, Town",Poughkeepsie,Main St,421,Restaurant,Restaurants,134689,825 Main St,6161-08-885821-0000,6.16E+17,134600,825,,126030000,1,240000,570000,575800,1969,0,0,0,0.75,134601,Arlington,3,Comm/public,3,Comm/public,4,Gas & elec,,,,,,,,4116,,,,C01
-73.89781581,41.69543095,77421,Dutchess,"Poughkeepsie, Town",Poughkeepsie,Main St,421,Restaurant,Restaurants,134689,830 Main St,6161-08-888795-0000,6.16E+17,134600,830,,126030000,1,255000,760000,767700,2019,0,0,0,0.59,134601,Arlington,3,Comm/public,3,Comm/public,4,Gas & elec,,,,,,,,3123,,,,C01
-73.89719397,41.69184468,77504,Dutchess,"Poughkeepsie, Town",Poughkeepsie,Fairmont Ave,421,Restaurant,Restaurants,134689,35 Fairmont Ave,6161-12-903666-0000,6.16E+17,134600,35,,126030000,1,98000,500000,505100,1955,0,0,0,0.08,134601,Arlington,3,Comm/public,3,Comm/public,4,Gas & elec,,,,,,,,2665,,,,C01
-73.89901451,41.69191317,77636,Dutchess,"Poughkeepsie, Town",Poughkeepsie,Collegeview Ave,421,Restaurant,Restaurants,134689,15 Collegeview Ave,6161-12-853668-0000,6.16E+17,134600,15,,126030000,1,107000,275000,277800,1972,0,0,0,0.34,134601,Arlington,3,Comm/public,3,Comm/public,4,Gas & elec,,,,,,,,5646,,,,C01
-73.93031227,41.66886773,78393,Dutchess,"Poughkeepsie, Town",Poughkeepsie,South Rd,421,Restaurant,Restaurants,134689,2629 South Rd,6160-01-005822-0000,6.16E+17,134600,2629,,126010000,1,382000,880000,888900,1979,0,0,0,1.66,134602,Spackenkill,3,Comm/public,3,Comm/public,4,Gas & elec,,,,,,,,5589,,,,C01
-73.92838484,41.64884927,80868,Dutchess,"Poughkeepsie, Town",Poughkeepsie,South Rd,421,Restaurant,Restaurants,134689,2345 South Rd,6160-03-055096-0000,6.16E+17,134600,2345,,126010000,1,750000,1500000,1515200,2017,0,0,0,4.4,134602,Spackenkill,3,Comm/public,3,Comm/public,4,Gas & elec,,,,,,,,10767,,,,C01
-73.92632679,41.64750425,80955,Dutchess,"Poughkeepsie, Town",Poughkeepsie,South Rd,421,Restaurant,Restaurants,134689,South Rd,6160-03-111047-0000,6.16E+17,134600,,,126010000,1,865000,2586000,2612100,2016,0,0,0,3.3,134602,Spackenkill,3,Comm/public,3,Comm/public,4,Gas & elec,,,,,,,,14049,,,,C01
-73.92202094,41.64322123,80981,Dutchess,"Poughkeepsie, Town",Poughkeepsie,South Rd,421,Restaurant,Restaurants,134689,2255 South Rd,6159-01-232892-0000,6.16E+17,134600,2255,,126010000,1,565500,1326000,1339400,1985,0,0,0,1.77,134602,Spackenkill,3,Comm/public,3,Comm/public,4,Gas & elec,,,,,,,,8470,,,,C01
-73.92145251,41.64292021,80982,Dutchess,"Poughkeepsie, Town",Poughkeepsie,South Rd,421,Restaurant,Restaurants,134689,2245 South Rd,6159-01-249880-0000,6.16E+17,134600,2245,,126010000,1,431500,1000000,1010100,1964,0,0,0,0.91,134602,Spackenkill,3,Comm/public,3,Comm/public,4,Gas & elec,,,,,,,,10494,,,,C01
-73.9289839,41.66312245,81873,Dutchess,"Poughkeepsie, Town",Poughkeepsie,South Rd,421,Restaurant,Restaurants,134689,2550 South Rd,6160-01-041616-0000,6.16E+17,134600,2550,,126010000,1,597000,1384500,1398500,1970,0,0,0,1.96,134602,Spackenkill,3,Comm/public,3,Comm/public,4,Gas & elec,,,,,,,,5000,,,,C01
-73.93383777,41.71548588,81896,Dutchess,"Poughkeepsie, Town",Poughkeepsie,Delafield St,421,Restaurant,Restaurants,134689,120 Delafield St,6062-02-891514-0000,6.06E+17,134600,120,,126010000,1,400000,1320500,1333800,2002,0,0,0,1.58,133201,Hyde Park,3,Comm/public,3,Comm/public,4,Gas & elec,,,,,,,,7401,,,,C01
-73.89335752,41.7230917,83059,Dutchess,"Poughkeepsie, Town",Poughkeepsie,Salt Point Tpke,421,Dstr wrhouse,Restaurants,134689,Salt Point Tpke,6262-01-001806-0000,6.26E+17,134600,,,126030000,1,124000,260000,262600,1952,0,0,0,2.03,133201,Hyde Park,2,Private,3,Comm/public,4,Gas & elec,,,,,,,,8792,,,,F03
-73.91661952,41.62625781,84330,Dutchess,"Poughkeepsie, Town",Poughkeepsie,South Rd,421,Restaurant,Restaurants,134689,1998 South Rd,6159-03-382273-0000,6.16E+17,134600,1998,,126010000,1,400000,875500,884300,1960,0,0,0,1.97,135601,Wappingers,2,Private,3,Comm/public,4,Gas & elec,,,,,,,,6462,,,,C01
-73.91528949,41.62899798,84337,Dutchess,"Poughkeepsie, Town",Poughkeepsie,South Rd,421,Restaurant,Restaurants,134689,2044 South Rd,6159-03-418375-0000,6.16E+17,134600,2044,,126010000,1,865000,1838000,1856600,1993,0,0,0,3.16,135601,Wappingers,3,Comm/public,3,Comm/public,4,Gas & elec,,,,,,,,9435,,,,C01
-73.91213626,41.61206292,85170,Dutchess,"Poughkeepsie, Town",Poughkeepsie,South Rd,421,Restaurant,Restaurants,134689,1794 South Rd,6158-02-505756-0000,6.16E+17,134600,1794,,125900000,1,347000,1618000,1634300,2004,0,0,0,1.03,135601,Wappingers,3,Comm/public,3,Comm/public,4,Gas & elec,,,,,,,,8550,,,,C01
-73.85324178,42.01598747,85910,Dutchess,Red Hook,Red Hook,Albany Post Rd,421,Nbhd tavern,Restaurants,134889,7909 Albany Post Rd,6373-00-035480-0000,6.37E+17,134800,7909,,125710000,1,105200,255100,255100,1990,0,0,0,1.26,134801,Red Hook,2,Private,2,Private,4,Gas & elec,,,,,,,,3590,,,,C06
-73.89786832,42.05636846,86341,Dutchess,Red Hook,Red Hook,Route 9G,421,Nbhd tavern,Restaurants,134889,5084 Route 9G,6174-00-813944-0000,6.17E+17,134800,5084,,125830000,1,100000,325000,325000,1985,0,0,0,1,134801,Red Hook,2,Private,3,Comm/public,4,Gas & elec,,,,,,,,1800,,,,C06
-73.88312623,41.98080232,87455,Dutchess,Red Hook,Red Hook,S Broadway,421,Restaurant,Restaurants,134889,7249 S Broadway,6272-17-230195-0000,6.27E+17,134800,7249,,125710000,1,193000,689800,689800,,0,0,0,0.93,134801,Red Hook,,,,,,,,,,,,,,5202,,,,C01
-73.88351884,41.97079446,87521,Dutchess,Red Hook,Red Hook,Albany Post Rd,421,Restaurant,Restaurants,134889,7100 Albany Post Rd,6271-00-223830-0000,6.27E+17,134800,7100,,125720000,1,102000,344600,344600,1963,0,0,0,1.1,134801,Red Hook,2,Private,2,Private,4,Gas & elec,,,,,,,,4549,,,,C01
-73.876364,41.99468059,88989,Dutchess,"Red Hook, Village",Red Hook,S Broadway,421,Row retail,Restaurants,134801,S Broadway,6272-10-413702-0000,6.27E+17,134800,,,125710000,1,33200,239200,239200,1967,0,0,0,0.13,134801,Red Hook,2,Private,3,Comm/public,4,Gas & elec,,,,,,,,3292,,,,D10
-73.87416035,41.99463599,89045,Dutchess,"Red Hook, Village",Red Hook,E Market St,421,Restaurant,Restaurants,134801,28 E Market St,6272-10-472702-0000,6.27E+17,134800,28,,125710000,1,50700,271100,271100,1953,0,0,0,0.16,134801,Red Hook,2,Private,3,Comm/public,4,Gas & elec,,,,,,,,2970,,,,C01
-73.87100785,41.99481943,89107,Dutchess,"Red Hook, Village",Red Hook,E Market St,421,External apt,Restaurants,134801,E Market St,6272-11-557709-0000,6.27E+17,134800,,,125710000,1,51400,220000,220000,1964,0,0,0,0.17,134801,Red Hook,3,Comm/public,3,Comm/public,4,Gas & elec,,,,,,,,3408,,,,A07
-73.87275023,41.99881771,89177,Dutchess,"Red Hook, Village",Red Hook,N Broadway,421,Restaurant,Restaurants,134801,7588 N Broadway,6272-07-506847-0000,6.27E+17,134800,7588,,125710000,1,60000,257500,257500,1975,0,0,0,0.29,134801,Red Hook,3,Comm/public,3,Comm/public,4,Gas & elec,,,,,,,,1959,,,,C01
-73.90896329,41.89105492,91687,Dutchess,Rhinebeck,Rhinebeck,Route 9,421,Restaurant,Restaurants,135089,5856 Route 9,6168-00-540918-0000,6.17E+17,135000,5856,,125720000,1,105000,291000,291000,1920,0,0,0,2,135001,Rhinebeck,2,Private,2,Private,3,Electric,,,,,,,,4623,,,,C01
-73.91211189,41.92629602,92142,Dutchess,"Rhinebeck, Village",Rhinebeck,Mill St,421,Restaurant,Restaurants,135001,6380 Mill St,6170-18-453205-0000,6.17E+17,135000,6380,,125720000,1,303800,731900,731900,1800,0,0,0,0.18,135001,Rhinebeck,2,Private,3,Comm/public,3,Electric,,,,,,,,3197,,,,C01
-73.91233948,41.92830183,92612,Dutchess,"Rhinebeck, Village",Rhinebeck,Montgomery St,421,Restaurant,Restaurants,135001,6426 Montgomery St,6170-14-445278-0000,6.17E+17,135000,6426,,125720000,1,264300,1120800,1120800,1900,0,0,0,0.34,135001,Rhinebeck,3,Comm/public,3,Comm/public,3,Electric,,,,,,,,4490,,,,C01
-73.91319123,41.9273899,92864,Dutchess,"Rhinebeck, Village",Rhinebeck,Garden St,421,Restaurant,Restaurants,135001,5 Garden St,6170-18-424245-0000,6.17E+17,135000,5,,125720000,1,245000,1691400,1691400,1890,0,0,0,0.23,135001,Rhinebeck,3,Comm/public,3,Comm/public,4,Gas & elec,,,,,,,,11670,,,,C01
-73.69215779,41.87578023,94737,Dutchess,Stanford,Stanford,Hunns Lake Rd,421,Row storage,Restaurants,135200,97 Hunns Lake Rd,6768-03-452401-0000,6.77E+17,135200,97,,125810000,1,55000,586600,586600,1900,0,0,0,1.01,134201,Pine Plains,2,Private,2,Private,3,Electric,,,,,,,,7228,,,,F05
-73.69154926,41.87459803,94776,Dutchess,Stanford,Stanford,Hunns Lake Rd,421,Restaurant,Restaurants,135200,108 Hunns Lake Rd,6768-03-468355-0000,6.77E+17,135200,108,,125810000,1,91000,928500,928500,1950,0,0,0,3.6,134201,Pine Plains,2,Private,2,Private,4,Gas & elec,,,,,,,,8090,,,,C01
-73.6949103,41.88177631,94808,Dutchess,Stanford,Stanford,Route 82,421,Restaurant,Restaurants,135200,6270 Route 82,6768-01-378618-0000,6.77E+17,135200,6270,,125810000,1,45200,306800,306800,1960,0,0,0,0.52,134201,Pine Plains,2,Private,2,Private,3,Electric,,,,,,,,3437,,,,C01
-73.91336304,41.55468059,97998,Dutchess,Wappinger,Wappinger,Osborne Hill Rd,421,Restaurant,Restaurants,135689,Osborne Hill Rd,6156-01-485668-0000,6.16E+17,135600,,,125240000,1,250000,806000,814100,1925,0,0,0,2.56,135601,Wappingers,2,Private,2,Private,4,Gas & elec,8,Old style,3,Hot wtr/stm,4,Oil,1064,3104,1,2,3,C01
-73.89860983,41.6055469,99340,Dutchess,Wappinger,Wappinger,Widmer Rd,421,Restaurant,Restaurants,135689,70 Widmer Rd,6158-02-880530-0000,6.16E+17,135600,70,,125900000,1,800000,2704000,2731300,,0,0,0,4.68,135601,Wappingers,2,Private,2,Private,4,Gas & elec,,,,,,,,14900,,,,C01
-73.90805805,41.59239132,99958,Dutchess,Wappinger,Wappinger,Route 9,421,Restaurant,Restaurants,135689,1510 Route 9,6158-04-623038-0000,6.16E+17,135600,1510,,125900000,1,600000,1612000,1628300,,0,0,0,1.76,135601,Wappingers,3,Comm/public,3,Comm/public,4,Gas & elec,,,,,,,,6100,,,,C01
-73.90960234,41.59269205,99979,Dutchess,Wappinger,Wappinger,Route 9,421,Diner,Restaurants,135689,1515 Route 9,6158-04-572057-0000,6.16E+17,135600,1515,,125900000,1,430000,728000,735400,1987,0,0,0,0.94,135601,Wappingers,3,Comm/public,3,Comm/public,4,Gas & elec,,,,,,,,3284,,,,C02
-73.90795071,41.5763459,100585,Dutchess,Wappinger,Wappinger,Old Post Rd,421,Restaurant,Restaurants,135689,114 Old Post Rd,6157-04-623465-0000,6.16E+17,135600,114,,125900000,1,350000,780000,787900,1953,0,0,0,1.9,135601,Wappingers,2,Private,2,Private,4,Gas & elec,,,,,,,,3647,,,,C01
-73.90915643,41.58264191,100771,Dutchess,Wappinger,Wappinger,Route 9,421,Restaurant,Restaurants,135689,Route 9,6157-02-594684-0000,6.16E+17,135600,,,125900000,1,500000,1200000,1212100,,0,0,0,0.61,135601,Wappingers,2,Private,3,Comm/public,4,Gas & elec,,,,,,,,3942,,,,C01
-73.90576871,41.56310923,101884,Dutchess,Wappinger,Wappinger,Route 9,421,Restaurant,Restaurants,135689,1099 Route 9,6156-02-690971-0000,6.16E+17,135600,1099,,125240000,1,400000,750000,757600,1960,0,0,0,2.74,135601,Wappingers,2,Private,2,Private,4,Gas & elec,,,,,,,,5442,,,,C01
-73.85003356,41.56233888,106075,Dutchess,Wappinger,Wappinger,Route 82,421,Restaurant,Restaurants,135689,337 Route 82,6356-01-212951-0000,6.36E+17,135600,337,,125330000,1,180000,442000,446500,,0,0,0,0.79,135601,Wappingers,2,Private,2,Private,4,Gas & elec,,,,,,,,1607,,,,C01
-73.90860387,41.59406323,106243,Dutchess,Wappingers Falls,Wappinger,Route 9,421,Restaurant,Restaurants,135601,1536 Route 9,6158-19-605101-0000,6.16E+17,135600,1536,,125900000,1,600000,1144000,1155600,,0,0,0,1.73,135601,Wappingers,2,Private,2,Private,4,Gas & elec,,,,,,,,5600,,,,C01
-73.91188587,41.59857099,106875,Dutchess,Wappingers Falls,Wappinger,Route 9,421,Restaurant,Restaurants,135601,1605 Route 9,6158-15-517261-0000,6.16E+17,135600,1605,,125900000,1,300000,686400,693300,,0,0,0,0.48,135601,Wappingers,2,Private,2,Private,4,Gas & elec,,,,,,,,4136,,,,C01
-73.91141936,41.59719878,106912,Dutchess,Wappingers Falls,Wappinger,Route 9,421,Drive-in,Restaurants,135601,1585 Route 9,6158-19-530214-0000,6.16E+17,135600,1585,,125900000,1,175000,416000,420200,,0,0,0,0.17,135601,Wappingers,3,Comm/public,3,Comm/public,4,Gas & elec,,,,,,,,301,,,,C04
-73.92046702,41.60640463,107144,Dutchess,Wappingers Falls,Poughkeepsie,W Main St,421,Restaurant,Restaurants,134601,2778 W Main St,6158-10-277546-0000,6.16E+17,134600,2778,,125900000,1,103500,745000,752500,1946,0,0,0,1.29,135601,Wappingers,3,Comm/public,3,Comm/public,4,Gas & elec,1,Ranch,3,Hot wtr/stm,4,Oil,1176,8692,1,1,1,C01
-73.92044179,41.60210585,107246,Dutchess,Wappingers Falls,Poughkeepsie,W Main St,421,Restaurant,Restaurants,134601,2710 W Main St,6158-14-282391-0000,6.16E+17,134600,2710,,125900000,1,75000,394000,398000,1986,0,0,0,0.21,135601,Wappingers,3,Comm/public,3,Comm/public,4,Gas & elec,,,,,,,,4885,,,,C01
-73.9197399,41.59866192,107392,Dutchess,Wappingers Falls,Wappinger,E Main St,421,Restaurant,Restaurants,135601,2667 E Main St,6158-14-302265-0000,6.16E+17,135600,2667,,125900000,1,60000,110000,111100,1920,0,0,0,0.06,135601,Wappingers,3,Comm/public,3,Comm/public,4,Gas & elec,,,,,,,,887,,,,C01
-73.62371674,41.82110628,109257,Dutchess,Washington,Washington,Route 44,421,,Restaurants,135889,4258 Route 44,6966-00-333432-0000,6.97E+17,135800,4258,,125450000,1,76100,906400,934400,1962,0,0,0,1.9,135801,Millbrook,,,,,4,Gas & elec,,,,,,,,10689,,,,
-73.97128708,41.50554683,4280,Dutchess,Beacon,Beacon,Main St,423,Small retail,"Snack bars, drive-ins, ice cream bars",130200,303 Main St,5954-36-905866-0000,5.95E+17,130200,303,,125080000,1,100000,400000,408200,1955,0,0,0,0.06,130200,Beacon,3,Comm/public,3,Comm/public,4,Gas & elec,,,,,,,,2369,,,,D08
-73.83446475,41.57138087,24044,Dutchess,East Fishkill,East Fishkill,Route 82,423,Drive-in,"Snack bars, drive-ins, ice cream bars",132800,550 Route 82,6357-04-642289-0000,6.36E+17,132800,550,,125330000,1,84000,280000,285700,1960,0,0,0,2.34,135601,Wappingers,2,Private,2,Private,4,Gas & elec,,,,,,,,600,,,,C04
-73.91873186,41.52672528,31694,Dutchess,Fishkill,Fishkill,Route 52,423,Fast food,"Snack bars, drive-ins, ice cream bars",133089,847 Route 52,6155-01-350647-0000,6.16E+17,133000,847,,125240000,1,85000,124800,126100,1960,0,0,0,0.23,135601,Wappingers,3,Comm/public,3,Comm/public,4,Gas & elec,,,,,,,,504,,,,C03
-73.9152376,41.78896471,40591,Dutchess,Hyde Park,Hyde Park,Route 9G,423,Sm food mkt,"Snack bars, drive-ins, ice cream bars",133200,1115 Route 9G,6165-03-391200-0000,6.17E+17,133200,1115,,125380000,1,126000,351000,675000,1972,0,0,0,0.99,133201,Hyde Park,2,Private,2,Private,3,Electric,,,,,,,,2908,,,,D09
-73.9089801,41.77137352,41398,Dutchess,Hyde Park,Hyde Park,Violet Ave,423,Drive-in,"Snack bars, drive-ins, ice cream bars",133200,864 Violet Ave,6164-02-561561-0000,6.16E+17,133200,864,,125380000,1,82800,109000,209600,1957,0,0,0,0.32,133201,Hyde Park,2,Private,2,Private,3,Electric,,,,,,,,696,,,,C04
-73.86260231,41.6928418,50023,Dutchess,La Grange,La Grange,Overlook Rd,423,Fast food,"Snack bars, drive-ins, ice cream bars",133400,141 Overlook Rd,6261-02-845706-0000,6.26E+17,133400,141,,126030000,1,55400,250000,255100,1993,0,0,0,0.47,134601,Arlington,2,Private,2,Private,4,Gas & elec,,,,,,,,1224,,,,C03
-73.54075782,41.91335694,54657,Dutchess,North East,North East,Route 22,423,Diner,"Snack bars, drive-ins, ice cream bars",133889,5523 Route 22,7169-00-558814-0000,7.17E+17,133800,5523,,125460000,1,54700,275100,275100,1953,0,0,0,1.25,133801,Northeast,2,Private,2,Private,4,Gas & elec,,,,,,,,2509,,,,C02
-73.58637752,41.5326547,58587,Dutchess,Pawling,Pawling,Route 22,423,,"Snack bars, drive-ins, ice cream bars",134089,Route 22,7055-00-440895-0000,7.06E+17,134000,,,125640000,1,196700,449900,957200,1935,0,0,0,44.79,134001,Pawling,2,Private,3,Comm/public,3,Electric,4,Cape cod,3,Hot wtr/stm,4,Oil,1960,,1,1,2,
-73.92883729,41.70898901,71699,Dutchess,"Poughkeepsie, City",Poughkeepsie,Washington St,423,Sm food mkt,"Snack bars, drive-ins, ice cream bars",131300,83 Washington St,6162-61-034284-0000,6.16E+17,131300,83,,126010000,1,62000,160500,160500,1955,0,0,0,0.26,131300,Poughkeepsie,3,Comm/public,3,Comm/public,4,Gas & elec,,,,,,,,1305,,,,D09
-73.90339372,41.69615916,76947,Dutchess,"Poughkeepsie, Town",Poughkeepsie,Main St,423,Fast food,"Snack bars, drive-ins, ice cream bars",134689,764 Main St,6161-07-732822-0000,6.16E+17,134600,764,,126030000,1,126500,485000,489900,2000,0,0,0,0.12,134601,Arlington,3,Comm/public,3,Comm/public,4,Gas & elec,,,,,,,,1720,,,,C03
-73.92941194,41.66507088,81878,Dutchess,"Poughkeepsie, Town",Poughkeepsie,South Rd,423,Fast food,"Snack bars, drive-ins, ice cream bars",134689,2580 South Rd,6160-01-028685-0000,6.16E+17,134600,2580,,126010000,1,207000,391000,394900,2000,0,0,0,0.49,134602,Spackenkill,3,Comm/public,3,Comm/public,4,Gas & elec,,,,,,,,1832,,,,C03
-73.89837098,41.95064419,90417,Dutchess,Rhinebeck,Rhinebeck,Route 9,423,Fast food,"Snack bars, drive-ins, ice cream bars",135089,Route 9,6171-00-819095-0000,6.17E+17,135000,,,125720000,1,236200,438900,438900,1995,0,0,0,1.18,135001,Rhinebeck,2,Private,2,Private,3,Electric,,,,,,,,1120,,,,C03